name,trailers,classificacao
A Maldição do Espelho,https://www.youtube.com/embed/bY46wtgQfEw,16
Aprendiz de Espiã,https://www.youtube.com/embed/bY46wtgQfEw,16
Bloodshot,https://www.youtube.com/embed/bY46wtgQfEw,16
O Oficial e o Espião,https://www.youtube.com/embed/bY46wtgQfEw,16
Solteira Quase Surtando,https://www.youtube.com/embed/bY46wtgQfEw,16
Terremoto,https://www.youtube.com/embed/bY46wtgQfEw,16
Dois Irmãos - Uma Jornada Fantástica,https://www.youtube.com/embed/bY46wtgQfEw,16
O Melhor Está Por Vir,https://www.youtube.com/embed/bY46wtgQfEw,16
Seberg Contra Todos,https://www.youtube.com/embed/bY46wtgQfEw,16
Vou Nadar Até Você,https://www.youtube.com/embed/bY46wtgQfEw,16
A Hora da Sua Morte,https://www.youtube.com/embed/bY46wtgQfEw,16
O Homem Invisível,https://www.youtube.com/embed/bY46wtgQfEw,16
