name,trailers,classificacao,date
A Maldição do Espelho,https://www.youtube.com/embed/bY46wtgQfEw,16,20200407
Aprendiz de Espiã,https://www.youtube.com/embed/bY46wtgQfEw,16,20200407
Bloodshot,https://www.youtube.com/embed/bY46wtgQfEw,16,20200407
O Oficial e o Espião,https://www.youtube.com/embed/bY46wtgQfEw,16,20200407
Solteira Quase Surtando,https://www.youtube.com/embed/bY46wtgQfEw,16,20200407
Terremoto,https://www.youtube.com/embed/bY46wtgQfEw,16,20200407
Dois Irmãos - Uma Jornada Fantástica,https://www.youtube.com/embed/bY46wtgQfEw,16,20200407
O Melhor Está Por Vir,https://www.youtube.com/embed/bY46wtgQfEw,16,20200407
Seberg Contra Todos,https://www.youtube.com/embed/bY46wtgQfEw,16,20200407
Vou Nadar Até Você,https://www.youtube.com/embed/bY46wtgQfEw,16,20200407
A Hora da Sua Morte,https://www.youtube.com/embed/bY46wtgQfEw,16,20200407
O Homem Invisível,https://www.youtube.com/embed/bY46wtgQfEw,16,20200407
